{
	"info": {
		"_postman_id": "58936c9c-0637-4830-b89a-0d31bbb2cc92",
		"name": "Login",
		"schema": "https://schema.getpostman.com/json/collection/v2.1.0/collection.json",
		"_exporter_id": "14520652"
	},
	"item": [
		{
			"name": "Get Users",
			"event": [
				{
					"listen": "test",
					"script": {
						"exec": [
							"var jsonData = pm.response.json();\r",
							"pm.test(\"Status code is 200\", function () {\r",
							"    pm.response.to.have.status(200);\r",
							"});\r",
							"\r",
							"pm.test(\"Validar response\", function () {\r",
							"    pm.expect(jsonData.page).to.eql(2);\r",
							"    pm.expect(jsonData.total).to.eql(12);\r",
							"    pm.expect(jsonData.total_pages).to.eql(2);\r",
							"});\r",
							"\r",
							"pm.test(\"Validar user\", () => {\r",
							"    var userId = jsonData.data.find(x => x.id == 11)\r",
							"    pm.expect(userId).not.to.be.undefined\r",
							"    pm.expect(userId.email).eql(\"george.edwards@reqres.in\")\r",
							"    pm.expect(userId.avatar).contains(\"faces\")\r",
							"    console.log(userId)\r",
							"});"
						],
						"type": "text/javascript",
						"packages": {}
					}
				}
			],
			"request": {
				"method": "GET",
				"header": [],
				"url": {
					"raw": "{{host}}/api/users?page=2",
					"host": [
						"{{host}}"
					],
					"path": [
						"api",
						"users"
					],
					"query": [
						{
							"key": "page",
							"value": "2"
						}
					]
				}
			},
			"response": []
		},
		{
			"name": "Create User",
			"event": [
				{
					"listen": "test",
					"script": {
						"exec": [
							"pm.test(\"Status code is 200\", function () {\r",
							"    pm.response.to.have.status(201);\r",
							"});"
						],
						"type": "text/javascript"
					}
				}
			],
			"request": {
				"method": "POST",
				"header": [],
				"body": {
					"mode": "raw",
					"raw": "{\r\n    \"name\": \"{{nombre}}\",\r\n    \"job\": \"{{trabajo}}\"\r\n}",
					"options": {
						"raw": {
							"language": "json"
						}
					}
				},
				"url": {
					"raw": "{{host}}/api/users",
					"host": [
						"{{host}}"
					],
					"path": [
						"api",
						"users"
					]
				}
			},
			"response": []
		}
	]
}