{
	"id": "796647ac-8753-4f26-9e30-f64c5b1fc079",
	"name": "prod",
	"values": [
		{
			"key": "host",
			"value": "https://reqres.in",
			"type": "default",
			"enabled": true
		},
		{
			"key": "nombre",
			"value": "Jeff Soto",
			"type": "default",
			"enabled": true
		},
		{
			"key": "trabajo",
			"value": "qa",
			"type": "default",
			"enabled": true
		}
	],
	"_postman_variable_scope": "environment",
	"_postman_exported_at": "2024-08-01T19:25:14.724Z",
	"_postman_exported_using": "Postman/10.24.25"
}